,name,dst_cm_B1,dst_cm_B2,dst_cm_C,dst_cm_D1,dst_cm_D2,dst_cm_E1,dst_cm_E2,time_B1,time_B2,time_C,time_D1,time_D2,time_E1,time_E2,sharps_B1,sharps_B2,sharps_C,sharps_D1,sharps_D2,sharps_E1,sharps_E2,speed_cms_mean,speed_cms_max,wall_hit_B1B2,wall_hit_B2C,wall_hit_CD1,wall_hit_D1D2,wall_hit_CE1,wall_hit_E1E2,dirs_1_B1,dirs_2_B1,dirs_3_B1,dirs_4_B1,dirs_5_B1,dirs_6_B1,dirs_7_B1,dirs_8_B1,dirs_1_B2,dirs_2_B2,dirs_3_B2,dirs_4_B2,dirs_5_B2,dirs_6_B2,dirs_7_B2,dirs_8_B2,dirs_1_C,dirs_2_C,dirs_3_C,dirs_4_C,dirs_5_C,dirs_6_C,dirs_7_C,dirs_8_C,dirs_1_D1,dirs_2_D1,dirs_3_D1,dirs_4_D1,dirs_5_D1,dirs_6_D1,dirs_7_D1,dirs_8_D1,dirs_1_D2,dirs_2_D2,dirs_3_D2,dirs_4_D2,dirs_5_D2,dirs_6_D2,dirs_7_D2,dirs_8_D2,dirs_1_E1,dirs_2_E1,dirs_3_E1,dirs_4_E1,dirs_5_E1,dirs_6_E1,dirs_7_E1,dirs_8_E1,dirs_1_E2,dirs_2_E2,dirs_3_E2,dirs_4_E2,dirs_5_E2,dirs_6_E2,dirs_7_E2,dirs_8_E2
0,Trial01,19.45,19.47,20.62,14.73,0.8,50.83,14.38,51.07,47.51,34.96,21.97,1.72,99.42,36.34,19.73,20.41,12.48,7.68,0.68,35.23,13.76,0.48,2.51,24,18,8,8,10,26,17.27,1.26,2.57,1.04,2.85,1.36,3.09,1.15,18.48,0.98,0.81,0.71,4.6,0.83,1.12,0.93,9.24,1.76,1.26,0.98,4.13,0.97,1.17,1.43,6.52,0.38,0.25,0.82,3.75,0.42,0.24,0.78,0.59,0.03,0.08,0.09,0.14,0.0,0.05,0.05,27.66,3.64,7.33,2.91,4.27,3.18,7.1,3.46,12.17,1.01,1.81,0.87,2.19,1.44,1.74,0.54
1,Trial02,4.65,7.52,10.61,8.16,1.81,33.15,7.92,12.39,21.1,28.56,28.48,5.76,79.82,17.81,4.81,9.38,11.61,13.67,2.61,31.41,6.81,0.38,1.16,8,8,4,4,14,10,4.23,0.29,0.9,0.47,0.64,0.12,0.49,0.28,8.75,0.55,0.22,0.12,1.52,0.84,0.56,0.08,10.55,0.8,0.94,0.44,1.93,1.16,1.03,0.26,12.74,0.39,0.38,0.32,1.9,0.49,0.3,0.54,2.34,0.19,0.24,0.04,0.27,0.15,0.17,0.05,26.06,2.44,5.16,2.37,2.03,2.22,4.95,2.58,5.41,0.65,0.83,0.2,1.61,0.57,0.65,0.75
2,Trial03,10.73,10.2,2.69,2.45,0.0,34.45,82.85,47.6,38.23,3.77,2.62,0.0,57.33,132.09,22.14,17.54,1.15,0.77,0.0,19.68,45.0,0.51,3.21,18,2,2,0,4,21,20.72,0.87,1.94,0.78,1.76,0.67,1.22,0.55,16.18,0.67,0.9,0.36,1.77,1.13,1.2,0.69,0.73,0.17,0.21,0.17,0.25,0.34,0.2,0.19,0.62,0.02,0.02,0.11,0.63,0.01,0.04,0.12,0.0,0.0,0.0,0.0,0.0,0.0,0.0,0.0,13.48,2.92,4.85,2.22,1.58,1.94,4.54,2.81,35.68,3.76,9.57,5.16,8.27,4.35,7.61,4.72
3,Trial04,95.73,33.45,24.57,21.1,3.52,10.66,1.42,147.16,44.77,27.1,22.85,3.64,14.04,1.64,43.24,16.0,8.76,6.83,1.07,3.83,0.58,0.73,1.47,41,19,14,14,5,2,31.42,4.38,13.35,4.41,8.55,5.1,14.81,6.13,12.47,1.64,1.23,1.32,4.99,1.7,1.71,1.76,6.5,0.96,0.53,0.88,3.91,1.74,0.42,1.29,4.87,0.42,0.67,1.18,3.62,0.92,0.55,1.46,0.68,0.18,0.34,0.21,0.31,0.2,0.12,0.14,2.29,0.76,1.22,0.99,1.09,0.6,0.85,0.61,0.38,0.03,0.07,0.14,0.06,0.09,0.04,0.17
4,Trial05,68.07,48.46,22.44,13.52,0.01,12.21,5.59,134.46,76.71,34.77,19.53,0.02,18.45,10.73,43.77,26.51,12.19,6.18,0.01,4.44,3.88,0.58,1.18,52,20,9,2,5,3,34.04,4.47,10.95,4.83,8.14,3.95,9.35,4.81,20.73,2.35,2.71,2.71,6.35,3.43,4.42,3.25,9.86,1.01,0.65,0.89,4.33,1.86,0.93,1.3,4.79,0.5,0.88,0.97,2.78,0.38,0.53,0.87,0.0,0.01,0.0,0.0,0.0,0.0,0.0,0.0,3.07,0.78,2.73,0.9,0.54,0.56,2.01,0.46,3.13,0.37,0.61,0.27,0.87,0.36,0.44,0.38
5,Trial06,51.38,16.1,10.63,17.74,8.93,29.48,7.95,120.65,41.35,13.57,25.33,17.88,58.86,12.72,43.26,17.99,4.26,8.37,6.38,22.49,4.2,0.49,1.34,37,9,6,16,9,8,36.13,3.6,8.32,3.12,7.04,3.21,7.59,3.26,16.35,0.69,0.99,0.56,3.24,0.87,1.14,0.93,2.91,0.97,0.48,0.44,1.64,0.89,0.44,0.36,6.68,0.7,0.65,0.92,3.23,1.04,0.97,0.98,5.11,0.81,1.38,0.43,0.99,0.66,0.95,0.38,18.73,1.65,4.44,2.08,0.95,1.62,4.26,1.53,3.03,0.51,0.83,0.44,1.02,0.52,0.66,0.61
6,Trial07,64.6,32.98,25.05,15.95,1.21,32.12,4.84,140.32,52.84,31.42,14.79,1.74,40.4,7.31,49.09,19.69,9.74,4.16,0.52,11.23,2.13,0.61,1.91,41,27,12,8,13,5,40.43,4.13,9.96,4.05,7.89,4.0,9.29,4.3,16.23,1.85,1.85,1.64,5.03,2.03,1.56,1.46,7.18,1.06,1.08,1.47,3.69,1.85,1.08,1.41,3.46,0.29,0.17,0.72,3.19,0.55,0.07,0.41,0.28,0.14,0.19,0.02,0.07,0.11,0.14,0.09,6.16,2.5,3.82,2.34,1.5,1.84,4.2,1.84,1.53,0.47,0.39,0.36,0.54,0.49,0.47,0.13
7,Trial08,67.82,22.43,18.52,14.02,1.13,18.96,5.08,155.89,47.3,24.32,18.51,1.6,12.6,33.46,54.44,18.91,8.81,6.6,0.52,3.97,17.73,0.51,5.4,40,15,10,4,3,3,45.46,4.01,11.42,4.31,7.86,4.02,11.68,4.62,16.46,1.22,1.52,0.87,4.32,1.58,1.13,1.23,7.38,0.73,0.36,0.93,3.04,1.06,0.39,0.68,5.56,0.41,0.25,0.69,2.91,0.41,0.24,0.62,0.38,0.12,0.1,0.09,0.12,0.05,0.09,0.01,2.52,0.69,1.06,0.75,0.49,0.59,1.01,0.44,17.23,0.39,0.74,0.29,0.74,0.17,0.38,0.1
8,Trial09,43.09,19.42,9.51,0.0,0.0,28.55,34.8,66.34,34.07,6.74,0.0,0.0,21.1,146.06,19.62,14.62,2.0,0.0,0.0,6.12,75.35,0.5,3.35,34,18,0,0,10,12,14.27,2.33,6.15,2.74,2.92,2.65,6.16,2.52,12.47,1.05,0.68,0.89,2.84,0.76,0.67,1.05,1.01,0.84,0.11,0.05,0.83,0.89,0.2,0.11,0.0,0.0,0.0,0.0,0.0,0.0,0.0,0.0,0.0,0.0,0.0,0.0,0.0,0.0,0.0,0.0,3.07,1.24,2.2,0.6,0.69,1.34,2.48,1.02,71.36,2.12,3.08,1.92,2.35,1.74,3.41,1.51
9,Trial10,34.16,15.47,17.21,29.38,9.42,8.18,22.7,49.2,18.71,15.93,32.65,9.75,4.27,143.74,13.36,6.29,4.74,10.43,2.91,1.36,78.67,0.49,2.98,12,12,7,30,3,9,9.06,1.75,5.59,1.93,2.28,1.82,4.96,2.08,4.56,0.88,0.63,0.69,1.86,1.12,0.66,0.81,3.61,0.37,0.53,0.82,2.61,0.64,0.21,0.75,7.59,0.83,1.19,1.17,4.18,1.69,0.94,1.97,2.19,0.34,0.83,0.46,0.76,0.6,0.39,0.27,0.26,0.48,0.66,0.36,0.06,0.17,0.23,0.34,75.99,1.29,1.69,0.83,2.8,1.06,1.35,1.09
10,Trial11,102.52,23.97,9.61,3.79,0.68,22.69,4.27,193.51,44.81,10.37,6.01,1.45,31.25,10.37,61.21,17.37,3.15,2.18,0.56,9.75,4.07,0.56,2.53,53,15,2,2,11,5,47.19,6.15,16.8,6.41,9.53,6.38,16.7,6.75,14.41,1.37,1.76,1.42,3.83,1.19,1.36,1.5,1.91,0.82,0.25,0.29,1.01,0.98,0.61,0.34,1.88,0.08,0.07,0.21,0.86,0.17,0.11,0.22,0.43,0.09,0.05,0.06,0.16,0.02,0.02,0.04,6.63,1.89,2.14,1.51,1.8,1.35,2.5,0.9,3.61,0.15,0.52,0.37,0.8,0.23,0.22,0.31
11,Trial12,74.36,3.32,8.42,13.04,4.94,39.16,41.6,113.24,4.34,11.6,17.65,8.61,52.99,76.99,31.35,1.35,3.95,6.07,3.18,16.24,27.71,0.65,2.36,4,4,8,10,6,19,20.98,4.28,11.36,4.59,6.23,4.23,11.53,4.63,1.15,0.15,0.03,0.39,0.74,0.04,0.05,0.05,2.97,0.27,0.36,0.85,0.92,0.4,0.48,0.7,4.77,0.37,0.39,0.77,2.44,0.43,0.52,0.88,2.62,0.3,0.52,0.21,0.65,0.24,0.4,0.22,10.8,2.36,4.62,2.38,2.3,2.51,4.22,2.55,21.61,3.27,4.37,1.87,5.87,2.76,3.84,2.53
12,Trial13,66.94,34.87,22.33,13.85,1.27,11.39,0.0,139.28,70.27,30.45,25.51,4.21,14.99,0.0,47.55,27.57,9.9,9.95,1.96,4.35,0.0,0.53,1.19,65,25,8,4,11,0,38.39,3.91,8.76,3.52,7.94,5.08,11.07,4.76,23.5,2.88,2.81,2.08,7.31,1.44,0.95,1.12,7.47,1.87,0.64,0.75,4.13,1.8,1.09,0.49,8.9,0.3,0.6,0.8,2.75,0.83,0.35,0.75,1.79,0.17,0.23,0.04,0.16,0.08,0.05,0.0,2.97,0.74,1.75,0.79,0.21,0.43,1.61,0.48,0.0,0.0,0.0,0.0,0.0,0.0,0.0,0.0
13,Trial14,138.15,0.79,0.59,0.0,0.0,1.4,20.7,193.49,0.73,0.27,0.0,0.0,0.93,33.62,52.53,0.43,0.15,0.0,0.0,0.18,13.32,0.71,3.08,1,1,0,0,1,1,35.19,6.91,21.98,6.45,9.95,5.9,21.04,8.48,0.34,0.06,0.0,0.0,0.0,0.0,0.01,0.03,0.05,0.1,0.01,0.0,0.0,0.0,0.0,0.0,0.0,0.0,0.0,0.0,0.0,0.0,0.0,0.0,0.0,0.0,0.0,0.0,0.0,0.0,0.0,0.0,0.02,0.1,0.3,0.11,0.03,0.0,0.0,0.0,10.51,1.22,1.49,1.1,2.23,0.7,1.62,1.27
14,Trial15,139.94,10.9,13.83,19.19,2.54,0.0,0.0,218.38,15.03,27.7,25.19,3.09,0.0,0.0,60.9,5.34,12.46,7.94,1.06,0.0,0.0,0.64,1.34,22,10,3,12,0,0,41.44,8.17,23.56,8.09,10.22,7.63,22.58,9.12,4.4,0.38,0.37,0.35,1.92,0.69,0.34,0.55,11.43,0.5,0.22,0.62,2.33,0.65,0.31,0.53,6.29,0.53,0.96,1.5,2.66,1.09,0.99,1.07,0.79,0.15,0.14,0.07,0.32,0.15,0.12,0.11,0.0,0.0,0.0,0.0,0.0,0.0,0.0,0.0,0.0,0.0,0.0,0.0,0.0,0.0,0.0,0.0
15,Trial16,36.01,30.41,15.86,3.92,0.4,28.51,9.27,84.36,66.69,24.04,5.08,0.55,78.11,37.06,29.93,26.8,8.48,1.58,0.15,34.95,17.93,0.42,2.7,49,19,4,2,5,4,25.3,1.89,5.56,1.96,4.99,2.38,5.81,2.64,23.33,1.54,2.16,1.25,6.27,1.83,1.69,1.88,6.69,1.35,0.87,0.77,3.19,0.67,0.45,0.41,1.3,0.08,0.06,0.18,0.94,0.19,0.09,0.2,0.1,0.04,0.12,0.02,0.04,0.0,0.0,0.01,30.97,2.27,4.26,1.64,1.83,1.62,3.02,1.18,16.88,0.46,0.86,0.62,1.35,0.64,0.82,0.57
16,Trial17,26.08,32.4,32.41,29.95,4.24,21.66,26.75,52.87,52.57,42.37,41.14,6.41,19.87,37.13,19.13,19.8,14.71,14.82,2.3,5.5,14.27,0.69,2.37,47,31,16,12,5,12,16.15,1.29,3.46,1.48,2.13,1.57,4.13,1.46,16.26,1.9,1.64,1.3,5.67,1.68,1.43,1.61,11.32,1.72,0.73,2.66,5.65,0.75,0.91,1.64,11.53,1.18,1.09,1.65,4.38,1.73,1.03,2.05,1.84,0.17,0.29,0.19,0.33,0.21,0.57,0.24,2.56,1.78,1.68,0.91,0.4,1.77,2.08,0.72,11.32,1.29,1.86,1.52,2.26,1.04,1.43,1.52
17,Trial18,49.82,39.47,25.19,9.97,0.63,43.83,2.27,121.9,73.12,33.61,10.72,0.87,55.33,3.59,45.11,27.92,10.84,3.25,0.31,14.04,1.09,0.57,1.74,64,30,8,4,24,6,38.15,3.57,7.49,2.59,6.94,3.8,7.28,3.2,24.14,2.18,2.13,2.03,8.01,2.0,1.75,1.56,8.07,2.19,1.22,1.19,2.81,2.64,1.48,0.53,2.52,0.39,0.14,0.59,1.96,0.41,0.07,0.34,0.17,0.12,0.08,0.04,0.06,0.04,0.01,0.0,8.31,2.9,6.26,2.62,1.0,2.81,7.33,1.91,0.71,0.27,0.13,0.07,0.42,0.33,0.14,0.08
18,Trial19,142.46,18.28,22.03,33.8,10.23,4.35,0.0,209.8,22.49,15.94,33.77,14.44,2.47,0.0,54.73,7.47,4.32,9.85,4.65,0.67,0.0,0.77,3.13,26,18,19,24,3,0,35.09,8.62,22.91,9.09,10.47,8.31,22.48,8.7,5.96,0.86,0.58,0.76,3.01,1.27,0.41,0.62,3.49,0.16,0.09,0.96,3.17,0.87,0.14,0.67,6.94,1.26,1.68,2.02,4.77,1.48,0.56,1.52,2.87,0.84,0.78,0.37,0.96,0.65,1.39,0.79,0.05,0.19,0.22,0.23,0.25,0.14,0.16,0.24,0.0,0.0,0.0,0.0,0.0,0.0,0.0,0.0
19,Trial20,31.09,33.43,46.6,73.22,11.35,25.53,5.31,57.48,40.77,37.05,59.58,66.49,22.42,7.98,18.85,14.19,11.22,17.99,35.51,5.99,2.72,0.78,3.15,46,31,38,40,13,2,14.67,1.81,4.25,2.04,3.73,1.89,3.95,2.09,10.48,1.98,1.6,1.03,4.64,2.0,1.0,1.69,8.6,1.0,0.5,2.02,5.64,2.02,0.91,1.5,14.05,1.47,1.28,3.52,9.96,2.31,0.71,2.39,33.69,0.94,1.07,0.47,0.79,0.77,1.41,0.69,2.79,1.47,1.92,1.49,0.67,1.46,2.56,1.07,1.88,0.41,0.58,0.18,0.48,0.34,0.53,0.38
20,Trial21,35.34,66.18,62.36,38.46,0.53,22.74,6.47,62.27,87.8,64.49,41.69,0.65,18.6,9.53,19.96,30.57,20.85,12.76,0.23,5.22,3.39,0.81,2.81,55,56,32,6,12,4,14.95,2.62,4.99,2.89,4.29,1.93,3.41,2.22,23.86,2.99,2.84,2.44,9.73,4.53,2.7,3.5,15.93,2.61,1.43,1.58,9.85,3.87,1.25,2.11,9.66,1.17,2.02,2.28,5.73,1.51,0.74,1.86,0.09,0.06,0.06,0.02,0.06,0.03,0.03,0.04,2.07,1.06,1.94,1.01,0.26,1.15,2.41,1.24,2.28,0.5,0.52,0.24,0.97,0.38,0.29,0.53
21,Trial22,42.79,32.08,27.09,15.07,1.36,30.45,26.89,89.27,55.46,36.14,20.27,2.4,49.22,45.31,29.91,20.4,11.51,6.35,0.82,14.92,15.97,0.59,1.74,48,24,10,4,9,11,24.17,2.92,6.58,2.7,6.04,2.77,5.7,2.59,17.12,1.28,1.41,1.54,5.78,2.45,1.71,1.93,8.72,1.7,0.98,1.43,4.77,1.97,1.03,1.05,5.27,0.31,0.7,0.84,3.01,0.89,0.38,0.74,0.58,0.17,0.16,0.04,0.26,0.06,0.1,0.07,10.45,1.96,3.92,1.86,1.45,2.45,5.32,2.07,11.85,2.19,2.38,1.09,3.62,2.19,2.14,1.68
22,Trial23,49.28,23.23,27.43,30.3,1.74,37.63,50.78,82.39,28.78,23.99,33.02,2.19,38.03,86.88,24.07,9.57,6.95,9.45,0.68,10.55,31.62,0.75,2.24,31,21,22,8,9,15,17.79,2.67,7.9,3.39,4.68,2.8,6.93,3.19,6.75,1.21,1.17,0.97,2.87,1.81,0.92,1.54,5.19,0.49,0.36,1.73,3.83,1.15,0.42,1.2,7.06,0.81,1.76,2.28,4.63,1.2,0.52,1.52,0.42,0.15,0.27,0.02,0.12,0.16,0.09,0.08,4.9,2.84,4.2,1.35,1.21,2.23,4.48,1.57,24.12,4.39,4.47,2.25,5.71,3.93,4.52,2.65
23,Trial24,17.97,19.74,24.22,38.14,4.29,64.57,44.0,31.85,27.33,27.03,49.68,6.49,72.52,69.45,10.09,9.16,8.8,16.23,1.89,20.6,23.39,0.75,2.59,19,19,16,10,3,49,7.87,1.04,2.68,1.13,1.72,1.21,2.34,1.09,7.33,0.95,1.02,0.93,3.33,1.35,0.58,0.88,6.65,0.84,0.66,0.61,4.83,0.9,0.4,1.3,12.0,1.28,2.47,2.5,5.82,1.6,1.21,2.88,1.4,0.3,0.36,0.14,0.37,0.3,0.84,0.18,11.15,4.38,8.81,4.25,1.93,3.49,5.88,3.55,17.26,2.37,4.1,3.0,5.66,2.5,3.26,3.45
24,Trial25,108.19,7.55,4.99,3.54,0.97,19.78,35.67,163.47,10.95,5.03,2.6,1.3,21.6,65.99,47.23,3.91,1.35,0.56,0.39,5.97,26.53,0.67,2.84,17,7,2,2,7,8,31.98,6.56,14.6,5.77,10.28,6.28,15.17,7.28,3.42,0.26,0.13,0.4,1.5,0.4,0.22,0.23,0.92,0.35,0.23,0.11,0.48,0.55,0.34,0.03,0.5,0.01,0.01,0.19,0.59,0.07,0.14,0.05,0.26,0.11,0.02,0.03,0.11,0.09,0.14,0.02,3.56,1.26,2.42,0.89,0.58,1.13,2.28,0.82,21.42,2.47,3.54,1.58,3.43,2.22,2.61,2.26
25,Trial26,36.68,61.99,72.19,42.57,4.46,22.77,34.06,55.66,59.57,59.57,30.42,5.63,16.71,56.58,17.08,19.26,19.73,9.17,1.91,5.43,20.87,0.97,3.92,94,67,40,14,11,15,13.11,1.76,4.49,2.86,3.71,2.24,3.3,1.87,15.33,1.89,1.86,1.97,8.96,2.78,0.94,1.95,15.47,1.6,0.77,1.96,10.11,2.34,0.89,2.54,7.16,1.01,0.51,1.45,5.71,1.14,0.29,0.95,1.19,0.52,0.28,0.17,0.48,0.4,0.2,0.13,2.73,1.24,1.57,0.95,0.66,0.82,1.15,0.89,16.53,2.53,2.94,1.57,3.99,1.94,2.85,1.54
26,Trial27,20.98,36.89,39.36,15.64,0.48,9.25,20.33,40.95,41.32,36.83,16.89,0.98,6.08,150.33,14.61,14.05,11.9,5.26,0.32,1.71,83.3,0.49,3.62,60,40,14,2,1,7,12.0,1.51,2.22,1.49,2.92,1.39,1.94,1.06,11.11,1.38,0.44,0.94,6.34,2.18,0.84,1.52,9.32,1.32,0.24,1.23,7.33,1.07,0.3,1.25,4.33,0.41,0.15,0.64,3.18,0.68,0.23,0.5,0.28,0.03,0.17,0.04,0.05,0.0,0.01,0.01,0.65,0.72,0.79,0.47,0.31,0.32,0.26,0.12,81.3,1.27,1.19,0.73,3.04,0.98,0.92,0.62
27,Trial28,0.0,0.0,0.0,0.0,0.0,0.0,16.56,0.0,0.0,0.0,0.0,0.0,0.0,299.73,0.0,0.0,0.0,0.0,0.0,0.0,174.42,0.05,1.4,0,0,0,0,0,0,0.0,0.0,0.0,0.0,0.0,0.0,0.0,0.0,0.0,0.0,0.0,0.0,0.0,0.0,0.0,0.0,0.0,0.0,0.0,0.0,0.0,0.0,0.0,0.0,0.0,0.0,0.0,0.0,0.0,0.0,0.0,0.0,0.0,0.0,0.0,0.0,0.0,0.0,0.0,0.0,0.0,0.0,0.0,0.0,0.0,0.0,0.0,0.0,173.01,0.27,1.07,1.07,1.94,0.14,0.92,1.12
28,Trial29,46.43,18.77,14.7,13.96,4.71,56.42,25.34,91.72,28.1,19.73,18.05,7.41,72.14,34.74,30.72,9.51,6.16,6.16,2.48,21.94,12.16,0.66,3.05,32,14,8,10,18,20,24.58,2.89,7.07,2.49,5.79,2.97,6.1,3.05,7.6,0.94,0.72,1.22,3.5,0.9,1.02,0.93,4.27,1.11,0.67,1.02,1.73,1.2,1.08,0.74,4.98,0.46,0.38,0.92,2.63,0.42,0.33,0.69,1.7,0.51,0.6,0.17,0.48,0.45,0.34,0.19,13.58,4.38,6.12,3.6,2.81,3.37,6.41,2.94,8.98,1.56,1.97,1.14,2.3,1.54,1.93,1.39
29,Trial30,97.96,9.05,6.04,9.17,1.82,27.96,21.92,161.04,14.92,8.35,11.15,3.52,38.78,55.26,46.8,5.16,3.09,3.86,1.26,11.48,22.39,0.59,1.94,21,3,6,4,1,15,31.55,6.6,13.87,6.52,9.71,5.8,14.81,7.6,3.96,0.66,1.03,0.46,1.26,0.51,0.55,0.51,2.48,0.32,0.22,0.27,0.74,0.53,0.17,0.27,2.97,0.32,0.31,0.35,1.54,0.5,0.12,0.57,1.01,0.12,0.42,0.06,0.15,0.18,0.1,0.07,7.2,2.1,4.14,1.77,1.47,1.65,3.27,1.63,19.3,1.66,2.58,1.01,3.28,1.61,2.34,1.32
30,Trial31,33.56,43.67,39.02,20.14,1.57,43.15,17.05,72.6,73.01,44.71,26.11,2.77,50.15,25.19,25.7,26.45,14.34,8.8,1.03,12.59,8.96,0.67,1.78,76,36,14,10,19,14,21.48,1.91,4.41,2.34,3.91,2.72,4.58,2.14,21.43,2.92,2.37,1.39,7.96,3.5,2.16,2.0,10.44,2.55,1.74,1.9,5.02,2.95,0.92,1.26,6.93,0.53,0.7,1.2,3.31,1.1,0.56,1.31,0.71,0.24,0.26,0.15,0.18,0.02,0.04,0.06,6.99,2.89,5.44,3.09,1.1,2.79,6.18,1.56,5.96,1.45,1.52,0.63,1.53,0.74,2.01,1.25
31,Trial32,86.53,24.09,21.51,18.4,2.22,27.55,10.38,144.56,34.42,20.77,19.28,2.6,33.11,16.53,43.98,11.79,6.1,5.63,0.86,9.66,6.42,0.7,3.71,39,15,14,10,3,13,32.04,5.27,13.41,5.03,7.96,5.03,11.97,5.88,8.89,1.46,1.32,0.86,3.47,1.54,1.75,1.33,4.73,0.63,0.61,1.1,2.91,1.39,0.34,0.73,4.29,0.33,0.69,1.14,2.88,0.89,0.33,1.0,0.58,0.14,0.23,0.18,0.2,0.06,0.04,0.13,5.81,2.14,3.15,2.35,1.44,1.27,2.42,1.25,5.15,0.48,0.83,0.6,0.95,0.53,0.64,0.72
32,Trial33,100.25,9.16,5.61,3.43,0.37,38.32,41.31,158.86,8.4,5.76,3.42,0.42,45.83,63.69,44.19,2.98,1.82,0.85,0.17,13.35,22.82,0.69,2.52,17,7,2,2,7,17,29.49,6.84,15.66,6.48,8.76,6.11,14.87,6.95,2.15,0.45,0.18,0.38,1.12,0.31,0.1,0.34,1.26,0.44,0.21,0.22,0.44,0.57,0.25,0.06,0.76,0.09,0.03,0.19,0.8,0.15,0.03,0.0,0.14,0.01,0.01,0.0,0.02,0.04,0.01,0.02,7.87,2.45,3.88,3.35,2.0,2.47,3.14,2.29,17.06,2.53,3.54,2.01,5.48,2.14,2.38,3.01
33,Trial34,34.12,30.47,18.65,10.53,1.15,44.6,28.34,70.67,51.94,23.14,15.89,1.75,75.49,59.3,23.52,19.64,6.86,5.39,0.54,23.14,22.71,0.56,3.16,48,24,6,4,16,9,18.91,2.19,5.58,2.27,4.76,2.01,4.3,2.31,16.14,1.56,1.39,1.52,5.51,1.58,1.55,1.86,4.33,1.73,0.9,0.55,2.58,1.83,1.21,0.73,4.31,0.49,0.59,0.54,2.0,0.68,0.32,0.59,0.33,0.2,0.19,0.03,0.16,0.07,0.06,0.01,16.82,2.85,7.61,2.45,2.37,3.01,7.3,2.81,18.54,1.86,2.81,1.82,3.84,1.64,2.87,2.14
34,Trial35,92.92,2.59,2.82,3.45,0.44,24.64,30.13,189.17,5.08,3.11,3.29,0.72,29.42,51.17,61.52,1.83,0.98,1.36,0.21,8.35,18.51,0.56,2.31,4,2,2,2,4,18,48.1,6.18,15.14,5.29,11.77,5.04,15.14,6.65,1.7,0.06,0.11,0.15,0.61,0.14,0.2,0.07,0.84,0.06,0.01,0.07,0.24,0.34,0.23,0.07,1.14,0.15,0.03,0.1,0.39,0.08,0.01,0.07,0.15,0.02,0.02,0.0,0.04,0.08,0.08,0.04,5.09,1.69,3.25,1.25,0.65,1.48,3.27,0.94,14.1,2.29,2.7,1.35,3.17,2.27,2.89,1.88
35,Trial36,62.71,37.15,26.94,16.71,0.65,51.52,15.21,104.82,59.65,30.32,18.88,0.83,62.1,22.59,30.66,21.21,9.2,5.95,0.28,16.69,7.5,0.71,2.19,55,29,10,8,19,15,22.26,3.97,8.82,4.26,6.45,4.21,8.89,3.93,17.07,2.09,1.87,1.61,6.55,2.96,1.58,2.0,5.98,2.37,1.02,0.93,3.74,2.21,1.24,0.67,4.82,0.5,0.24,0.97,3.14,0.82,0.19,0.63,0.16,0.05,0.06,0.06,0.03,0.02,0.08,0.04,8.73,3.64,6.12,3.5,1.65,3.22,7.29,3.05,4.83,1.22,1.23,0.71,2.43,0.92,0.84,1.35
36,Trial37,37.74,48.7,45.73,35.01,1.36,56.57,8.86,73.27,65.86,44.34,35.26,1.22,64.87,14.49,23.64,21.54,13.11,10.93,0.33,18.07,4.77,0.78,2.56,64,45,24,16,11,10,18.8,2.52,5.69,2.79,4.65,2.37,4.85,2.22,16.18,2.79,2.3,2.27,8.17,3.17,2.1,2.47,8.07,2.01,1.08,1.95,7.19,2.49,0.88,2.89,7.32,1.19,1.35,1.62,5.35,1.32,0.58,2.39,0.2,0.08,0.19,0.09,0.05,0.05,0.03,0.04,8.9,4.43,5.6,4.35,2.39,3.37,5.85,3.97,3.56,0.43,0.75,0.67,1.44,0.59,0.53,0.71
37,Trial38,55.1,33.15,31.15,14.71,1.5,47.15,16.72,107.05,47.71,40.02,18.45,2.02,60.68,23.27,33.68,16.37,11.94,6.05,0.6,15.57,7.52,0.67,1.5,46,30,10,6,14,14,26.56,3.27,8.71,3.71,6.77,3.43,7.96,3.71,13.29,1.63,1.48,1.37,5.44,2.69,1.29,1.39,8.43,1.87,1.58,1.25,5.26,2.9,1.15,1.53,4.66,0.59,0.75,0.7,2.46,0.89,0.21,0.79,0.42,0.06,0.2,0.04,0.16,0.1,0.12,0.11,8.87,3.5,6.95,2.44,1.63,2.63,8.27,2.06,5.1,1.13,1.43,0.97,1.66,1.07,1.53,1.05
38,Trial39,105.87,14.6,12.7,6.39,0.58,25.13,26.71,179.77,23.66,12.37,8.01,0.9,22.92,33.74,51.41,8.79,4.17,2.85,0.32,6.98,12.28,0.68,3.26,34,12,8,2,5,15,35.36,7.35,16.93,6.15,10.35,6.89,17.31,7.34,7.19,0.91,0.92,0.67,2.49,0.8,0.56,0.63,2.9,0.35,0.28,0.45,1.59,0.55,0.44,0.85,2.38,0.22,0.25,0.51,0.88,0.21,0.1,0.25,0.27,0.01,0.01,0.0,0.07,0.11,0.03,0.04,3.3,2.08,1.95,1.12,0.86,1.3,2.0,1.12,9.12,1.5,2.01,0.88,1.93,1.67,1.83,1.27
39,Trial40,50.27,26.89,26.97,18.12,6.86,15.73,5.0,105.23,51.09,48.58,27.13,13.52,23.89,30.12,34.75,19.36,18.34,8.84,4.98,7.36,15.63,0.5,1.69,46,21,10,18,7,1,27.28,3.62,8.75,3.26,6.42,2.92,7.17,3.61,15.81,1.8,1.43,0.68,4.95,2.67,1.64,1.62,15.37,1.33,1.16,1.8,5.72,1.0,1.13,1.59,6.97,0.82,0.81,0.92,3.71,1.03,0.94,1.05,3.84,0.62,0.73,0.34,0.91,0.44,0.74,0.48,5.01,1.51,2.27,1.29,0.92,0.97,1.65,0.69,15.07,0.4,0.55,0.38,0.54,0.37,0.58,0.15
40,Trial41,35.46,26.54,21.31,12.73,0.46,44.2,16.07,81.25,48.36,29.67,19.92,0.82,80.93,32.2,28.35,17.83,9.97,7.2,0.33,22.98,11.45,0.54,1.31,61,19,10,2,13,18,23.97,1.72,6.16,2.28,4.44,2.09,5.52,2.49,14.91,1.42,1.77,1.26,5.14,1.53,1.51,1.43,7.4,1.69,0.6,1.1,3.33,1.76,1.04,0.85,5.92,0.52,0.61,0.56,3.02,0.31,0.27,0.72,0.28,0.01,0.0,0.01,0.05,0.06,0.05,0.03,17.81,2.57,9.23,2.85,1.95,2.42,9.54,2.11,9.6,0.81,2.13,1.19,1.18,1.05,2.34,0.99
41,Trial42,122.22,8.26,4.77,6.24,0.2,15.69,0.09,182.05,13.82,5.41,10.32,0.45,34.52,0.45,53.45,5.39,2.06,4.0,0.18,13.4,0.2,0.64,1.62,19,5,2,2,1,1,38.55,6.19,18.05,5.44,10.45,5.6,17.55,7.22,4.33,0.62,0.32,0.09,1.32,0.96,0.22,0.42,1.49,0.39,0.07,0.18,0.72,0.15,0.06,0.18,3.23,0.21,0.24,0.57,0.93,0.32,0.12,0.56,0.15,0.0,0.01,0.0,0.03,0.03,0.03,0.02,11.06,1.39,1.91,1.65,1.45,0.99,1.34,0.89,0.18,0.02,0.03,0.0,0.01,0.0,0.03,0.0
42,Trial43,93.23,27.11,18.75,36.75,5.29,2.68,0.91,149.3,39.42,20.45,51.89,7.55,4.47,1.32,44.28,13.64,6.89,17.25,2.64,1.18,0.39,0.67,1.56,41,17,14,20,1,1,32.17,4.97,13.88,5.38,8.88,5.49,12.51,6.15,10.84,1.6,1.25,1.28,4.1,2.06,1.34,1.14,5.02,0.65,0.47,0.75,3.05,0.89,0.24,1.18,13.61,0.92,1.61,2.76,6.03,1.81,1.67,2.67,2.0,0.39,0.43,0.19,0.64,0.3,0.39,0.18,0.88,0.3,0.87,0.54,0.08,0.0,0.01,0.0,0.21,0.17,0.1,0.03,0.11,0.13,0.03,0.01
43,Trial44,14.76,21.25,15.88,12.78,1.1,36.52,5.42,42.84,52.07,29.68,25.93,2.45,117.5,14.91,17.24,21.43,10.68,10.41,0.97,49.77,6.44,0.38,1.2,24,14,6,6,11,8,15.62,0.93,2.9,1.2,2.2,0.38,1.79,0.64,19.25,0.85,0.86,0.82,4.76,1.51,1.82,1.32,8.71,1.32,1.23,1.07,2.53,1.23,1.11,0.58,8.8,0.58,0.61,0.69,2.32,0.9,0.62,1.01,0.8,0.05,0.17,0.11,0.1,0.08,0.06,0.1,44.55,2.94,6.61,2.36,2.91,2.8,6.19,2.02,5.47,0.31,0.75,0.24,0.75,0.24,0.54,0.63
44,Trial45,168.61,0.71,0.51,0.0,0.0,4.99,1.92,264.04,0.75,0.5,0.0,0.0,7.66,3.24,73.15,0.44,0.25,0.0,0.0,2.18,1.18,0.64,1.21,1,1,0,0,1,2,47.93,11.67,26.96,9.66,16.3,9.9,24.65,11.09,0.4,0.04,0.01,0.0,0.0,0.0,0.0,0.0,0.08,0.16,0.06,0.0,0.0,0.0,0.0,0.0,0.0,0.0,0.0,0.0,0.0,0.0,0.0,0.0,0.0,0.0,0.0,0.0,0.0,0.0,0.0,0.0,1.34,0.49,1.29,0.31,0.18,0.2,0.54,0.24,0.84,0.13,0.2,0.14,0.07,0.17,0.18,0.21
45,Trial46,87.04,28.59,20.43,18.48,0.28,12.98,1.91,144.06,46.98,26.34,28.36,0.48,27.01,5.68,43.17,17.07,9.52,10.19,0.15,9.46,2.33,0.61,1.51,52,17,14,4,3,3,31.72,4.83,13.4,5.79,8.05,5.0,11.77,5.73,13.86,1.18,1.61,1.15,4.72,1.98,1.64,2.0,7.05,1.19,0.64,1.13,3.25,0.83,0.44,1.25,8.4,0.54,0.76,1.11,3.42,0.78,0.73,1.25,0.13,0.0,0.02,0.02,0.02,0.01,0.07,0.02,7.66,0.94,2.69,0.97,1.11,0.72,1.37,0.72,2.08,0.14,0.32,0.14,0.34,0.06,0.23,0.09
46,Trial47,17.61,28.88,25.95,22.54,3.69,30.29,7.31,45.36,64.47,45.33,42.0,8.31,59.9,14.86,17.45,25.82,16.81,16.66,3.18,20.06,5.43,0.49,1.05,38,24,10,10,12,6,15.33,0.76,2.35,1.25,2.2,1.26,2.72,1.3,22.69,1.37,2.47,1.4,5.52,1.68,1.82,1.67,13.68,2.34,1.06,1.06,4.57,2.31,1.37,0.76,14.49,0.92,1.16,1.5,4.39,0.92,0.53,1.25,2.71,0.1,0.32,0.11,0.4,0.25,0.76,0.33,15.36,2.08,4.24,2.14,1.95,2.29,5.55,2.27,4.65,0.37,0.8,0.33,1.08,0.71,0.58,0.38
47,Trial48,69.21,5.44,4.38,3.77,0.22,21.52,6.61,147.7,12.15,6.83,5.18,0.25,83.12,22.57,51.61,4.93,2.24,1.76,0.09,39.87,10.49,0.4,1.86,18,4,2,2,2,10,43.18,3.18,11.22,3.4,7.57,3.26,11.83,4.83,4.31,0.33,0.17,0.09,1.04,0.56,0.5,0.28,1.48,0.51,0.23,0.24,0.94,0.25,0.19,0.25,1.39,0.1,0.09,0.08,0.87,0.24,0.06,0.27,0.06,0.02,0.03,0.03,0.0,0.01,0.0,0.0,36.58,1.77,2.98,1.5,2.41,1.24,1.94,1.37,9.59,0.26,0.53,0.77,0.98,0.17,0.63,0.59
48,Trial49,35.41,37.51,24.58,15.35,1.38,54.47,17.51,87.31,70.43,24.41,12.57,1.87,67.25,34.16,33.63,27.07,6.96,4.0,0.67,22.0,12.67,0.63,2.07,74,27,10,6,19,28,29.52,2.44,5.13,3.06,4.73,1.75,4.06,1.61,23.42,1.25,1.94,1.35,6.41,3.33,2.18,2.31,3.69,2.1,0.53,0.94,3.18,2.1,1.09,0.99,2.94,0.32,0.16,1.18,1.77,0.35,0.11,0.7,0.42,0.04,0.03,0.05,0.15,0.1,0.15,0.18,13.79,3.56,4.65,3.91,1.89,2.78,6.35,3.35,10.11,1.32,1.95,1.06,1.53,1.54,1.88,1.07
49,Trial50,130.61,2.67,3.65,15.21,6.48,8.89,0.0,235.29,5.38,3.44,22.1,9.75,13.01,0.0,71.77,2.21,1.3,7.97,3.22,3.79,0.0,0.58,2.01,9,1,4,18,3,0,53.85,7.57,22.16,7.75,12.53,7.84,20.35,8.89,1.79,0.29,0.37,0.21,0.27,0.05,0.11,0.13,0.68,0.13,0.12,0.41,0.12,0.02,0.1,0.48,6.15,0.79,0.79,0.64,2.54,0.83,0.51,0.99,2.29,0.48,0.75,0.23,0.61,0.34,0.79,0.35,2.47,0.87,0.92,0.96,0.98,0.37,0.81,0.41,0.0,0.0,0.0,0.0,0.0,0.0,0.0,0.0
50,Trial51,178.32,2.72,2.94,3.23,0.0,1.84,0.0,282.82,3.66,3.22,3.91,0.0,2.27,0.0,79.27,1.42,1.08,1.29,0.0,0.82,0.0,0.64,1.15,5,3,2,0,3,0,54.19,10.63,26.12,12.6,16.2,10.76,26.71,12.2,1.16,0.18,0.14,0.02,0.34,0.24,0.04,0.07,0.73,0.27,0.08,0.2,0.25,0.2,0.15,0.05,0.86,0.12,0.11,0.33,0.47,0.03,0.12,0.3,0.0,0.0,0.0,0.0,0.0,0.0,0.0,0.0,0.34,0.29,0.21,0.17,0.06,0.02,0.1,0.17,0.0,0.0,0.0,0.0,0.0,0.0,0.0,0.0
51,Trial52,111.43,4.74,8.43,11.09,4.67,7.02,2.61,182.12,4.01,4.52,12.62,15.58,4.14,69.4,50.93,1.63,1.49,5.04,7.48,1.11,40.14,0.51,2.71,7,7,4,10,3,1,35.88,5.9,19.18,6.98,8.77,6.01,18.66,7.71,0.87,0.32,0.06,0.03,0.56,0.07,0.08,0.41,1.01,0.26,0.05,0.31,0.72,0.09,0.08,0.19,4.26,0.61,0.39,0.36,1.19,0.43,0.16,0.16,6.88,0.29,0.28,0.16,0.37,0.45,0.62,0.28,0.11,0.35,0.78,0.25,0.1,0.28,0.27,0.34,39.83,0.29,0.52,0.18,0.43,0.13,0.18,0.01
52,Trial53,0.0,0.24,2.05,0.0,0.0,7.61,27.72,0.0,0.08,0.62,0.0,0.0,3.86,273.29,0.0,0.01,0.19,0.0,0.0,1.58,154.68,0.14,3.84,0,2,0,0,2,4,0.0,0.0,0.0,0.0,0.0,0.0,0.0,0.0,0.0,0.0,0.04,0.01,0.0,0.0,0.0,0.0,0.02,0.15,0.03,0.0,0.0,0.14,0.03,0.0,0.0,0.0,0.0,0.0,0.0,0.0,0.0,0.0,0.0,0.0,0.0,0.0,0.0,0.0,0.0,0.0,0.62,0.35,0.18,0.12,0.12,0.18,0.28,0.46,152.12,1.24,2.29,0.98,2.93,0.79,2.2,1.15
53,Trial54,103.23,25.7,28.75,29.16,2.08,24.03,2.06,163.51,33.27,27.13,29.9,2.35,19.92,1.97,47.15,12.12,8.22,9.3,0.71,5.71,0.66,0.77,2.15,29,27,20,10,7,4,33.23,5.86,16.4,7.09,8.98,5.69,13.86,6.83,9.42,1.67,0.59,0.5,3.62,2.43,0.71,0.99,6.15,1.07,0.39,1.34,3.67,2.23,0.46,0.94,6.66,0.45,1.64,1.8,3.81,1.07,0.39,2.09,0.38,0.18,0.26,0.06,0.1,0.15,0.17,0.11,1.69,1.41,1.3,1.56,1.51,1.37,0.99,2.1,0.43,0.04,0.12,0.11,0.06,0.13,0.12,0.17
54,Trial55,78.39,22.03,11.89,8.79,2.29,31.76,15.47,160.27,36.13,13.84,11.4,3.61,40.82,28.13,53.13,12.8,4.28,3.44,1.14,10.31,9.54,0.58,2.51,44,12,4,6,8,18,42.77,4.68,12.4,4.93,8.84,4.76,12.39,5.23,10.04,1.49,1.13,1.26,3.96,1.46,1.09,1.21,3.27,0.78,0.32,0.31,1.87,0.98,0.58,0.18,2.64,0.3,0.56,0.62,1.43,0.62,0.17,0.49,0.78,0.19,0.22,0.06,0.22,0.33,0.2,0.16,6.14,1.71,4.09,1.91,1.3,2.14,5.28,1.88,7.27,1.15,1.96,0.92,1.42,1.03,2.12,0.98
55,Trial56,110.88,23.34,13.15,10.39,2.67,19.76,5.92,172.79,40.63,14.49,9.8,4.12,19.98,8.25,50.8,15.2,4.65,3.09,1.45,4.33,2.5,0.69,1.63,43,16,6,4,10,6,36.0,6.25,15.68,6.44,10.59,5.95,15.55,7.04,12.94,1.2,0.81,1.25,4.2,1.76,1.17,1.01,3.33,1.12,0.49,0.36,1.27,1.47,0.47,0.17,2.45,0.16,0.39,0.43,1.33,0.49,0.18,0.44,1.05,0.28,0.36,0.07,0.15,0.22,0.29,0.05,1.89,1.48,2.33,1.29,0.29,1.03,3.24,0.42,1.76,0.27,0.76,0.26,0.46,0.33,0.69,0.41
56,Trial57,93.72,29.42,11.19,0.0,0.0,31.11,5.11,158.01,33.96,8.65,0.0,0.0,31.35,6.44,51.62,12.34,2.64,0.0,0.0,8.13,1.89,0.72,2.13,45,24,0,0,12,4,40.47,4.59,13.82,5.04,6.21,4.5,14.55,5.47,9.03,1.72,0.86,1.24,4.14,1.32,0.49,1.54,1.26,1.06,0.51,0.27,0.73,0.97,0.18,0.2,0.0,0.0,0.0,0.0,0.0,0.0,0.0,0.0,0.0,0.0,0.0,0.0,0.0,0.0,0.0,0.0,4.0,2.08,3.78,1.63,0.64,1.98,3.4,1.27,1.23,0.4,0.43,0.35,0.21,0.58,0.42,0.24
57,Trial58,68.86,8.95,18.92,44.42,13.74,41.68,3.62,89.38,7.73,12.75,43.46,20.32,36.16,4.24,25.8,3.0,3.96,13.72,6.66,8.85,1.16,0.94,2.48,11,13,16,34,9,12,17.07,3.69,8.43,3.43,5.24,3.49,8.03,4.16,1.99,0.77,0.03,0.32,0.95,0.3,0.05,0.22,2.35,0.76,0.15,1.04,1.63,0.43,0.56,0.72,10.62,1.04,1.09,1.8,6.58,2.15,0.78,1.97,5.12,0.65,1.83,0.85,1.5,0.67,0.73,0.82,2.79,2.98,3.4,3.62,0.86,1.5,4.3,2.21,0.69,0.26,0.2,0.3,0.1,0.29,0.49,0.21
58,Trial59,140.9,7.52,1.91,3.41,0.0,2.34,0.13,186.54,8.71,1.19,2.24,0.0,1.84,0.37,52.8,2.98,0.44,0.69,0.0,0.39,0.1,0.78,2.14,35,1,2,0,1,1,35.84,7.63,17.89,8.57,11.14,6.62,16.62,7.43,2.3,0.22,0.3,0.52,0.86,0.2,0.38,0.44,0.38,0.04,0.03,0.18,0.05,0.0,0.01,0.02,0.41,0.03,0.1,0.14,0.38,0.01,0.02,0.25,0.0,0.0,0.0,0.0,0.0,0.0,0.0,0.0,0.09,0.19,0.56,0.25,0.01,0.0,0.0,0.0,0.1,0.0,0.06,0.05,0.01,0.0,0.0,0.0
59,Trial60,88.07,5.85,4.13,0.23,0.0,11.44,6.89,157.83,8.73,3.34,0.17,0.0,6.56,15.53,55.16,3.08,1.18,0.04,0.0,1.43,7.16,0.61,2.14,11,5,2,0,1,6,45.43,3.7,13.1,4.77,7.75,3.55,11.19,5.05,2.38,0.33,0.41,0.22,0.77,0.48,0.29,0.35,0.71,0.22,0.12,0.15,0.25,0.28,0.02,0.25,0.03,0.01,0.04,0.02,0.0,0.0,0.0,0.0,0.0,0.0,0.0,0.0,0.0,0.0,0.0,0.0,0.28,0.54,0.55,0.83,0.37,0.43,0.65,0.28,6.14,0.58,0.7,0.23,0.49,0.36,0.47,0.33
60,Trial61,147.67,2.39,1.75,0.0,0.0,28.85,16.58,168.55,2.39,1.47,0.0,0.0,26.01,17.58,42.46,1.12,0.5,0.0,0.0,6.99,4.96,0.91,1.76,3,3,0,0,3,14,21.11,8.3,20.07,8.05,9.93,7.2,18.05,8.25,0.91,0.17,0.05,0.07,0.18,0.0,0.01,0.04,0.24,0.24,0.08,0.02,0.07,0.2,0.02,0.01,0.0,0.0,0.0,0.0,0.0,0.0,0.0,0.0,0.0,0.0,0.0,0.0,0.0,0.0,0.0,0.0,4.05,1.44,2.82,1.44,0.86,1.46,2.77,0.74,2.92,0.95,1.79,0.67,0.76,1.02,1.81,0.61
61,Trial62,116.66,2.96,1.51,0.0,0.0,0.0,0.0,219.35,3.82,1.8,0.0,0.0,0.0,0.0,75.96,1.37,0.56,0.0,0.0,0.0,0.0,0.54,1.11,6,2,0,0,0,0,60.71,6.76,16.32,7.08,12.79,6.47,13.55,7.71,1.05,0.14,0.02,0.03,0.36,0.42,0.09,0.18,0.24,0.3,0.06,0.0,0.14,0.28,0.04,0.02,0.0,0.0,0.0,0.0,0.0,0.0,0.0,0.0,0.0,0.0,0.0,0.0,0.0,0.0,0.0,0.0,0.0,0.0,0.0,0.0,0.0,0.0,0.0,0.0,0.0,0.0,0.0,0.0,0.0,0.0,0.0,0.0
62,Trial63,82.76,41.2,27.78,23.13,1.19,9.67,0.0,123.41,48.93,17.93,17.58,1.17,7.18,0.0,40.73,17.93,5.77,6.35,0.46,1.93,0.0,0.86,3.23,68,30,14,10,6,0,30.36,4.31,10.42,4.42,6.08,4.43,9.04,4.86,13.71,2.35,1.03,1.41,5.96,2.1,0.96,1.79,3.53,1.31,0.18,0.39,2.78,1.28,0.43,0.84,4.72,0.72,0.36,0.72,2.52,0.51,0.15,0.83,0.3,0.06,0.02,0.04,0.09,0.09,0.03,0.07,0.78,0.61,0.67,0.67,0.15,0.38,0.79,0.25,0.0,0.0,0.0,0.0,0.0,0.0,0.0,0.0
63,Trial64,112.26,20.94,8.75,10.95,2.68,17.84,3.46,146.49,22.2,7.5,11.25,3.61,18.9,4.14,43.24,8.29,2.63,4.55,1.26,7.21,1.35,0.82,2.24,49,9,3,8,6,10,28.21,5.52,15.87,5.72,6.85,4.93,14.06,6.59,6.4,0.77,0.72,0.59,2.01,1.16,0.62,1.03,1.57,0.52,0.12,0.39,0.77,0.36,0.28,0.48,3.49,0.48,0.28,0.31,1.18,0.24,0.2,0.56,0.89,0.29,0.22,0.04,0.21,0.2,0.23,0.08,5.63,0.73,1.28,0.55,0.18,0.97,1.6,0.38,1.02,0.2,0.36,0.03,0.14,0.31,0.36,0.06
64,Trial65,5.34,7.98,8.95,5.98,1.72,73.56,31.51,9.87,22.27,12.54,8.98,2.04,86.33,51.64,4.43,11.63,5.22,4.57,0.79,30.99,21.18,0.7,2.63,8,16,3,4,10,38,3.99,0.09,0.3,0.2,0.15,0.2,0.74,0.24,10.67,0.63,0.46,0.24,0.63,0.23,0.18,0.3,4.17,0.74,0.48,0.34,0.77,0.36,0.35,0.3,3.62,0.16,0.06,0.14,0.4,0.1,0.11,0.79,0.61,0.15,0.07,0.15,0.17,0.03,0.03,0.01,23.9,2.18,8.43,2.24,1.51,2.34,8.99,2.12,18.28,1.23,4.11,1.01,1.04,0.95,3.5,0.81
65,Trial66,112.09,2.74,4.74,7.04,1.5,12.93,12.13,158.43,3.91,2.05,16.54,1.34,6.64,11.87,44.0,1.36,0.87,8.6,0.54,1.78,3.84,0.76,3.76,9,0,4,4,1,9,30.7,5.09,18.68,5.68,5.68,4.54,18.48,6.05,1.12,0.14,0.05,0.14,0.54,0.15,0.09,0.11,0.64,0.2,0.05,0.15,0.15,0.0,0.01,0.03,8.05,0.21,0.06,0.27,0.67,0.22,0.1,0.33,0.3,0.09,0.01,0.05,0.17,0.02,0.04,0.12,0.51,0.56,0.8,0.43,0.35,0.36,0.69,0.28,2.16,0.87,0.89,0.37,1.13,0.68,0.38,0.63
66,Trial67,4.96,7.3,16.28,22.96,1.79,20.2,49.61,5.73,5.11,10.85,15.61,2.12,13.36,162.64,1.61,1.73,3.12,4.71,0.69,2.93,77.85,0.57,2.69,10,10,14,10,6,15,1.17,0.31,0.47,0.34,0.41,0.32,0.28,0.13,1.07,0.37,0.03,0.02,0.89,0.36,0.03,0.29,2.07,0.47,0.36,0.55,1.77,0.5,0.34,0.44,3.76,0.29,0.47,0.98,2.63,0.51,0.09,0.62,0.48,0.09,0.25,0.09,0.1,0.14,0.04,0.08,0.49,0.88,2.46,0.84,0.31,0.67,1.67,0.68,71.3,3.34,6.35,2.01,4.13,3.27,4.49,2.53
67,Trial68,51.87,13.43,9.83,20.21,2.77,65.08,31.09,71.55,12.79,5.33,12.17,2.49,48.93,34.41,21.11,4.35,1.6,4.12,0.79,16.6,10.48,1.04,4.1,28,8,14,10,16,37,14.8,2.35,7.33,2.42,2.34,2.79,7.81,3.02,2.87,1.0,0.58,0.71,1.56,0.35,0.16,0.43,0.53,0.45,0.24,0.42,0.23,0.61,0.25,0.46,2.8,0.34,0.39,0.71,1.74,0.35,0.05,0.91,0.41,0.13,0.09,0.08,0.19,0.25,0.1,0.24,10.85,2.84,3.36,2.83,1.05,2.81,3.86,1.71,6.15,1.74,3.32,1.23,1.31,2.08,2.91,1.87
68,Trial69,104.57,10.2,7.81,6.81,5.28,5.54,2.71,137.46,10.68,4.12,4.29,22.54,2.07,1.02,38.28,4.05,1.31,1.29,11.81,0.88,0.41,0.78,3.74,14,6,3,3,3,3,23.42,5.44,16.94,5.41,6.47,4.88,13.45,6.33,3.18,0.26,0.3,0.32,1.03,0.48,0.22,0.61,0.84,0.28,0.17,0.24,0.56,0.18,0.06,0.14,0.92,0.15,0.18,0.25,0.59,0.21,0.07,0.2,11.56,0.11,0.56,0.14,0.27,0.12,0.65,0.09,0.55,0.18,0.23,0.03,0.0,0.07,0.14,0.04,0.28,0.04,0.09,0.1,0.0,0.0,0.06,0.04
69,Trial70,31.61,10.41,9.41,6.14,0.81,31.09,53.77,64.44,11.85,7.36,5.28,1.89,31.25,70.22,23.32,4.22,2.92,1.64,0.74,11.39,24.62,0.74,2.58,13,9,6,2,6,26,18.6,2.02,4.86,1.49,3.36,1.45,4.61,2.21,3.0,0.65,0.43,0.35,1.48,0.32,0.31,0.56,2.16,0.57,0.16,0.15,0.69,0.35,0.17,0.16,1.35,0.11,0.03,0.33,0.72,0.41,0.03,0.18,0.62,0.08,0.16,0.14,0.08,0.0,0.01,0.04,8.69,1.09,2.6,0.73,0.72,1.28,2.78,0.83,18.24,3.15,4.86,2.3,3.53,2.67,5.0,2.31
70,Trial71,8.96,15.59,16.49,23.03,2.9,38.12,86.66,13.16,9.45,7.91,13.26,3.11,29.92,103.07,4.9,3.16,2.65,4.41,1.07,10.35,33.88,1.06,3.43,18,20,10,14,9,31,4.02,0.36,0.59,0.33,0.66,0.47,1.05,0.4,2.52,0.41,0.13,0.57,1.49,0.29,0.08,0.17,1.91,0.39,0.12,0.26,1.24,0.27,0.31,0.24,3.37,0.53,0.32,0.65,1.98,0.54,0.11,0.44,0.73,0.19,0.15,0.11,0.29,0.13,0.15,0.11,6.66,1.4,2.79,1.47,0.84,1.07,2.55,1.14,22.86,4.34,7.78,4.15,5.09,4.25,8.43,4.84
71,Trial72,0.43,1.5,7.15,19.67,4.03,17.45,3.93,0.38,0.78,5.44,161.69,7.53,8.18,3.36,0.13,0.25,1.96,91.7,4.11,2.41,1.03,0.29,3.11,2,2,7,74,5,6,0.08,0.05,0.02,0.03,0.05,0.0,0.0,0.0,0.23,0.01,0.0,0.02,0.18,0.02,0.0,0.01,1.34,0.37,0.12,0.33,0.59,0.14,0.23,0.14,90.92,0.34,0.22,0.52,3.54,0.56,0.31,0.44,3.71,0.25,0.14,0.03,0.1,0.13,0.03,0.12,0.26,1.07,0.91,0.39,0.19,0.86,0.73,0.49,0.25,0.25,0.19,0.31,0.14,0.1,0.29,0.48
72,Trial73,51.51,23.38,33.42,73.79,8.27,39.03,8.27,55.34,15.58,15.16,47.93,8.4,15.39,6.21,15.37,5.37,4.84,14.74,2.48,4.02,2.35,1.44,5.5,37,24,34,30,14,14,9.9,2.18,4.84,2.8,3.64,2.31,5.05,2.43,4.03,0.44,0.26,0.42,2.09,0.84,0.4,0.85,3.61,0.46,0.15,0.72,2.94,0.31,0.23,0.66,10.96,1.67,1.52,2.84,6.66,2.4,0.72,1.94,1.7,0.31,0.53,0.35,0.7,0.46,0.58,0.4,1.27,0.98,1.8,1.26,0.62,0.86,1.57,0.86,1.12,0.54,0.53,0.11,0.25,0.25,0.45,0.47
73,Trial74,34.96,53.23,50.35,15.29,1.62,0.0,3.22,66.86,42.0,45.38,7.11,2.39,0.0,1.52,36.53,22.54,24.1,3.15,1.04,0.0,0.88,0.97,3.68,88,62,8,8,0,0,35.41,0.48,0.79,0.6,0.97,0.77,0.74,0.29,21.44,0.59,0.19,0.31,1.67,0.4,0.11,0.45,22.33,0.84,0.59,0.6,1.26,0.51,0.35,0.7,2.8,0.13,0.18,0.15,0.51,0.21,0.14,0.14,0.85,0.02,0.08,0.1,0.06,0.1,0.05,0.17,0.0,0.0,0.0,0.0,0.0,0.0,0.0,0.0,0.87,0.0,0.01,0.0,0.01,0.0,0.02,0.0
74,Trial75,90.17,22.15,34.48,19.01,0.54,35.05,2.58,98.11,14.59,13.42,9.82,0.57,22.5,2.29,28.66,5.33,4.35,2.62,0.16,6.31,0.69,1.26,4.69,42,28,18,2,14,4,18.92,3.42,8.51,4.73,5.45,4.61,8.41,4.72,3.75,0.66,0.24,0.48,2.16,0.32,0.26,0.87,2.99,0.59,0.2,0.55,2.39,0.4,0.45,0.47,2.2,0.17,0.07,0.44,2.02,0.64,0.11,0.23,0.1,0.01,0.0,0.02,0.08,0.06,0.03,0.04,3.11,1.19,2.26,1.08,0.58,1.42,2.71,1.13,0.26,0.17,0.22,0.17,0.03,0.08,0.28,0.16
75,Trial76,85.89,15.67,4.53,0.0,0.0,36.32,9.43,106.56,16.83,3.39,0.0,0.0,23.92,7.81,31.23,5.76,1.15,0.0,0.0,7.17,2.21,0.95,3.08,29,9,0,0,5,12,21.62,3.77,10.71,4.36,5.78,3.58,9.66,4.35,4.52,0.53,0.66,0.56,1.78,0.77,0.59,0.67,0.56,0.49,0.2,0.04,0.26,0.34,0.1,0.04,0.0,0.0,0.0,0.0,0.0,0.0,0.0,0.0,0.0,0.0,0.0,0.0,0.0,0.0,0.0,0.0,2.28,1.89,2.55,1.06,0.72,1.26,2.74,1.83,1.22,0.52,0.34,0.44,0.44,0.94,0.47,0.31
76,Trial77,94.37,12.47,23.14,22.12,2.95,12.04,1.68,125.29,8.7,8.76,11.89,1.64,6.31,0.38,40.14,3.32,2.85,3.76,0.49,2.22,0.2,1.03,4.28,22,18,16,10,6,1,27.12,5.16,11.56,4.35,6.4,4.18,10.83,5.45,2.46,0.32,0.06,0.24,1.0,0.41,0.18,0.54,2.21,0.4,0.16,0.5,1.12,0.48,0.21,0.17,3.2,0.18,0.31,0.76,1.52,0.68,0.16,0.31,0.29,0.1,0.03,0.04,0.08,0.19,0.18,0.07,1.09,0.33,0.77,0.42,0.19,0.28,0.34,0.36,0.16,0.03,0.02,0.0,0.01,0.0,0.0,0.01
77,Trial78,118.92,14.67,5.19,1.59,0.0,4.26,0.0,161.39,17.03,4.32,1.42,0.0,3.94,0.0,45.76,5.78,1.28,0.41,0.0,1.11,0.0,0.76,2.2,30,10,2,0,3,0,31.56,5.81,14.9,6.93,9.99,6.71,14.02,6.75,4.21,1.01,0.42,0.56,2.31,0.8,0.36,0.53,0.81,0.26,0.11,0.28,0.51,0.2,0.23,0.19,0.33,0.07,0.01,0.01,0.26,0.11,0.05,0.01,0.0,0.0,0.0,0.0,0.0,0.0,0.0,0.0,0.59,0.31,0.46,0.39,0.09,0.1,0.3,0.12,0.0,0.0,0.0,0.0,0.0,0.0,0.0,0.0
78,Trial79,2.78,10.67,23.3,48.95,15.12,58.71,39.42,4.32,10.85,20.1,56.18,22.57,58.66,61.09,1.43,3.2,5.7,17.42,8.05,14.18,20.58,0.85,2.49,10,14,19,42,15,36,1.16,0.2,0.14,0.21,0.23,0.18,0.4,0.07,2.34,0.55,0.49,0.38,1.79,0.54,0.1,0.31,3.77,1.08,0.92,1.15,2.23,1.62,0.45,0.82,13.35,2.09,1.9,2.57,7.92,2.7,1.2,1.92,6.47,0.94,0.87,0.75,1.78,0.94,1.18,0.59,7.04,2.89,7.49,3.25,1.91,2.89,6.76,2.91,14.54,2.86,5.51,1.5,2.58,2.62,4.63,2.35
79,Trial80,8.68,0.9,2.22,9.84,1.96,7.89,1.57,26.29,0.73,2.5,220.0,3.31,9.58,3.61,11.18,0.44,1.18,129.9,1.48,4.31,1.48,0.12,1.61,1,1,3,7,4,2,10.13,0.41,1.7,0.56,0.66,0.47,1.24,0.58,0.42,0.0,0.0,0.0,0.0,0.0,0.0,0.02,0.84,0.09,0.01,0.13,0.11,0.01,0.09,0.22,129.33,0.18,0.15,0.4,1.03,0.19,0.11,0.39,1.27,0.11,0.04,0.06,0.1,0.21,0.12,0.07,3.07,0.47,0.56,0.27,0.14,0.21,0.61,0.41,1.43,0.03,0.07,0.16,0.3,0.05,0.11,0.01
80,Trial81,1.35,6.05,15.34,21.77,1.49,5.56,29.13,1.89,4.77,13.17,16.88,2.3,5.04,185.01,0.47,1.43,3.79,4.99,0.85,1.4,98.07,0.35,2.13,8,8,13,14,1,9,0.38,0.03,0.17,0.1,0.17,0.11,0.11,0.06,1.08,0.19,0.09,0.16,0.87,0.28,0.03,0.16,2.89,0.73,0.37,0.46,2.54,0.61,0.17,0.12,3.94,0.4,0.35,0.92,3.01,0.76,0.07,0.66,0.57,0.24,0.17,0.16,0.16,0.05,0.01,0.02,0.38,0.72,0.76,0.44,0.2,0.1,0.32,0.1,94.36,1.88,3.7,1.47,2.71,2.05,3.2,1.45
81,Trial82,83.6,5.24,5.52,7.57,0.53,11.15,3.37,165.39,9.0,6.23,9.73,0.78,18.08,6.69,55.85,3.18,2.06,3.14,0.23,5.4,2.28,0.54,1.42,8,4,4,2,2,2,45.0,4.85,12.44,4.66,10.2,4.15,12.39,5.38,2.65,0.24,0.26,0.42,1.21,0.15,0.17,0.29,1.46,0.25,0.15,0.34,0.92,0.1,0.17,0.34,2.43,0.08,0.22,0.56,1.5,0.22,0.19,0.63,0.17,0.06,0.09,0.01,0.05,0.06,0.03,0.0,4.15,0.68,1.67,0.61,0.62,0.67,1.94,0.49,1.77,0.31,0.56,0.16,0.26,0.22,0.57,0.16
82,Trial83,6.95,12.89,14.31,15.31,0.58,10.8,18.24,14.24,14.44,8.28,9.8,0.25,7.05,183.67,5.21,5.4,2.34,3.37,0.09,1.93,104.97,0.33,3.13,18,12,8,2,3,5,4.42,0.44,1.15,0.62,0.64,0.34,0.59,0.33,4.28,0.34,0.25,0.4,1.6,0.68,0.32,0.78,1.83,0.44,0.09,0.41,1.85,0.26,0.01,0.07,2.74,0.39,0.09,0.51,1.38,0.39,0.14,0.23,0.0,0.01,0.0,0.0,0.03,0.03,0.01,0.07,0.39,0.67,0.96,0.59,0.26,0.32,0.56,0.47,102.79,1.16,1.33,0.84,1.33,0.61,1.11,0.85
83,Trial84,0.0,0.0,0.0,0.0,0.0,15.4,46.68,0.0,0.0,0.0,0.0,0.0,5.46,228.93,0.0,0.0,0.0,0.0,0.0,1.67,127.2,0.26,3.37,0,0,0,0,0,14,0.0,0.0,0.0,0.0,0.0,0.0,0.0,0.0,0.0,0.0,0.0,0.0,0.0,0.0,0.0,0.0,0.0,0.0,0.0,0.0,0.0,0.0,0.0,0.0,0.0,0.0,0.0,0.0,0.0,0.0,0.0,0.0,0.0,0.0,0.0,0.0,0.0,0.0,0.0,0.0,0.27,0.61,0.49,0.24,0.18,0.41,0.63,0.44,122.35,2.54,2.07,1.65,2.83,1.48,2.61,1.6
84,Trial85,124.06,12.73,11.02,20.97,7.86,0.0,3.43,168.83,15.81,9.15,39.98,5.39,0.0,0.02,55.9,6.56,3.34,18.66,1.97,0.0,0.0,0.74,8.4,30,9,6,20,0,0,38.07,7.19,14.59,6.08,9.62,5.91,12.66,7.01,5.53,0.66,0.44,0.33,1.29,0.66,0.24,0.32,2.61,0.44,0.03,0.22,1.33,0.47,0.1,0.28,16.7,0.48,0.74,0.82,2.49,0.69,0.62,1.41,1.66,0.18,0.48,0.28,0.24,0.1,0.22,0.07,0.0,0.0,0.0,0.0,0.0,0.0,0.0,0.0,0.0,0.0,0.01,0.0,0.0,0.0,0.0,0.0
85,Trial86,73.14,5.83,16.7,40.72,18.58,49.61,50.81,115.79,4.36,7.58,19.48,18.98,24.82,44.86,33.14,1.37,2.14,5.3,5.66,6.25,13.07,1.08,3.44,14,6,22,36,16,23,22.98,4.43,11.59,4.76,5.86,4.62,10.09,5.03,0.8,0.25,0.02,0.13,0.62,0.34,0.15,0.3,1.15,0.35,0.26,0.8,1.09,0.2,0.2,0.49,4.22,0.4,0.4,1.23,3.93,0.75,0.11,0.63,3.82,0.58,0.79,1.05,1.5,0.87,1.77,0.99,0.63,2.46,2.61,2.26,0.73,1.66,3.46,1.06,6.49,2.88,3.19,2.44,3.03,2.89,3.27,2.68
86,Trial87,58.06,30.27,24.64,18.55,0.67,58.92,50.23,72.55,27.55,18.01,14.74,0.78,35.84,48.2,20.45,8.76,5.13,4.31,0.18,8.86,14.65,1.11,3.18,41,31,12,4,19,28,14.55,2.07,6.48,2.6,3.9,3.16,7.57,3.13,6.33,1.43,0.49,1.19,4.37,1.23,0.53,0.93,3.12,1.05,0.19,0.61,2.73,1.8,0.55,0.74,3.16,0.38,0.36,1.0,2.44,0.65,0.09,0.75,0.12,0.01,0.03,0.06,0.04,0.05,0.11,0.05,1.22,2.69,3.91,2.22,0.9,2.55,5.93,2.05,8.76,2.11,2.9,3.09,3.44,2.12,3.62,2.83
87,Trial88,0.75,0.69,4.7,8.31,3.91,12.09,6.36,0.65,0.4,2.24,5.19,218.5,6.11,4.12,0.09,0.0,0.36,1.52,129.7,2.02,1.06,0.15,2.38,1,1,5,7,4,6,0.04,0.0,0.07,0.03,0.06,0.09,0.05,0.05,0.0,0.0,0.0,0.0,0.2,0.04,0.0,0.0,0.13,0.01,0.03,0.23,0.48,0.11,0.14,0.21,0.94,0.26,0.05,0.25,1.03,0.2,0.1,0.28,129.26,0.31,0.26,0.24,0.29,0.25,0.22,0.05,0.14,0.52,0.7,0.37,0.17,0.36,0.78,0.62,0.31,0.14,0.49,0.31,0.16,0.19,0.53,0.34
88,Trial89,49.13,5.16,8.37,13.36,8.69,25.44,45.63,88.63,5.51,5.96,14.74,15.53,23.76,68.7,27.51,1.78,1.96,4.68,5.4,6.46,22.07,0.7,2.36,8,4,8,14,2,22,21.67,2.28,8.32,2.56,4.24,2.39,8.51,3.12,1.21,0.2,0.35,0.22,0.57,0.26,0.14,0.35,1.24,0.29,0.11,0.47,0.59,0.22,0.24,0.41,3.46,0.26,0.57,0.89,1.99,0.51,0.21,0.94,4.28,0.47,1.04,0.6,1.03,0.41,0.89,0.58,2.41,1.74,2.51,1.16,1.14,1.32,2.48,1.47,15.25,3.85,4.67,2.32,4.06,4.11,4.42,2.47
89,Trial90,38.22,15.61,18.19,17.51,2.39,50.13,16.24,59.92,24.37,25.03,23.14,3.71,63.16,28.48,18.08,8.38,7.81,8.17,1.1,15.87,9.67,0.7,1.53,24,14,10,8,20,9,13.72,2.11,5.54,2.11,3.52,1.94,5.05,1.9,7.01,0.9,0.45,0.76,3.23,1.13,0.65,0.47,5.74,0.91,0.45,1.33,2.5,1.66,1.28,1.12,6.39,0.88,0.45,1.26,3.36,0.43,0.2,0.89,0.85,0.07,0.06,0.08,0.17,0.3,0.52,0.17,8.8,4.09,8.13,2.05,1.67,3.31,7.98,1.8,7.0,1.56,2.66,0.4,1.52,1.33,1.76,0.83
90,Trial91,86.51,6.3,10.19,15.82,3.32,6.39,0.12,169.88,6.49,8.15,15.79,6.56,6.51,0.13,55.79,2.14,2.85,5.19,2.44,1.73,0.02,0.6,1.76,11,7,10,8,2,2,44.82,4.49,15.62,4.24,8.47,4.09,14.3,5.73,1.6,0.23,0.08,0.1,0.76,0.53,0.29,0.3,2.02,0.33,0.09,0.41,1.34,0.14,0.07,0.48,3.87,0.53,0.19,0.84,2.56,0.46,0.23,0.78,2.04,0.16,0.24,0.16,0.35,0.36,0.39,0.23,0.49,0.68,0.71,0.22,0.18,0.48,0.9,0.24,0.02,0.0,0.01,0.02,0.03,0.0,0.0,0.0
91,Trial92,3.41,15.16,44.37,29.37,7.35,15.94,64.89,3.01,6.41,29.15,13.24,5.38,9.53,168.2,1.57,3.36,15.26,6.75,2.22,5.53,96.59,0.77,5.01,15,16,19,20,7,15,1.48,0.04,0.02,0.04,0.12,0.02,0.07,0.01,3.2,0.07,0.03,0.03,0.41,0.01,0.02,0.07,14.21,0.37,0.51,0.25,0.89,0.57,0.26,0.4,6.12,0.2,0.11,0.22,0.64,0.18,0.05,0.41,1.53,0.1,0.21,0.18,0.41,0.08,0.3,0.41,5.34,0.04,0.05,0.04,0.01,0.05,0.15,0.03,95.23,0.64,0.61,0.74,1.91,0.46,0.78,0.38
92,Trial93,118.28,8.38,11.29,14.64,3.49,6.4,3.04,170.53,9.1,9.63,14.24,5.03,4.41,3.24,48.28,3.16,3.01,4.53,1.68,1.28,0.77,0.77,2.34,13,9,8,12,1,3,33.81,5.66,19.25,6.72,6.92,5.88,17.04,6.87,2.09,0.31,0.17,0.2,1.13,0.5,0.32,0.73,2.26,0.37,0.14,0.57,1.81,0.22,0.03,0.37,3.55,0.56,0.19,0.75,2.48,0.5,0.11,0.39,1.0,0.24,0.2,0.11,0.61,0.15,0.35,0.35,0.14,0.62,0.91,0.09,0.08,0.17,0.52,0.11,0.54,0.08,0.24,0.46,0.3,0.13,0.06,0.13
93,Trial94,39.72,23.96,44.74,62.21,14.85,59.72,22.07,54.94,17.3,25.31,58.45,13.61,32.02,15.16,15.74,5.47,7.04,21.96,4.34,7.12,4.53,1.23,3.55,31,34,38,38,30,22,11.02,2.0,5.18,2.13,3.63,2.1,4.48,2.37,4.28,0.78,0.1,0.59,3.14,0.96,0.1,0.41,4.86,0.87,0.74,1.41,4.44,1.33,0.52,0.99,18.66,1.25,0.73,2.11,8.31,1.23,0.7,2.02,2.83,0.39,0.96,0.58,1.01,0.6,0.87,0.91,0.95,2.05,5.21,2.53,0.23,1.31,5.55,1.35,1.34,0.96,1.49,0.83,0.5,0.63,1.97,1.36
94,Trial95,40.31,12.44,22.49,10.15,1.29,1.26,0.0,79.38,8.31,126.83,8.43,1.22,1.1,0.0,30.0,2.51,69.56,2.46,0.29,0.24,0.0,0.39,2.06,15,15,8,4,1,0,25.33,1.69,5.63,2.12,3.02,1.64,5.66,2.46,1.48,0.46,0.36,0.46,1.09,0.56,0.11,0.46,67.21,1.08,0.88,1.3,2.99,0.64,0.85,1.02,1.79,0.33,0.11,0.47,1.45,0.49,0.08,0.33,0.13,0.11,0.08,0.09,0.1,0.08,0.11,0.03,0.07,0.13,0.3,0.16,0.0,0.0,0.0,0.0,0.0,0.0,0.0,0.0,0.0,0.0,0.0,0.0
